insert into Airport values('COK','Cochin International','T2','Available');
insert into Airport values('DEL','Indra Gandhi International','T3','Available');
insert into Airport values('HYD','Rajiv Gandhi International','T1','Available');
insert into Airport values('BLR','Kempagowda International','T2','Available');
insert into Airport values('MAA','Madras International','T4','Available');
insert into Capacity values('Airbus',100);
insert into Capacity values('Boeing',150);
insert into Capacity values('A380',200);
insert into Airplane values('AI-123','COK','MAA','AirIndia','Boeing');
insert into Airplane values('SG-212','BLR','DEL','Spicejet','A380');
insert into Airplane values('6E-588','HYD','COK','Indigo','Airbus');
insert into Airplane values('9W-901','DEL','HYD','JetAirways','Airbus');
insert into Airplane values('I5-105','MAA','BLR','AirAsia','Boeing');
insert into Schedule values('2018-11-29','AI-123','07:00','05:00');
insert into Schedule values('2018-11-29','SG-212','08:00','06:00');
insert into Schedule values('2018-11-30','6E-588','11:00','09:00');
insert into Schedule values('2018-11-30','AI-123','07:00','05:00');
insert into Schedule values('2018-12-01','9W-901','10:00','08:00');
insert into Schedule values('2018-12-01','SG-212','08:00','06:00');
insert into Schedule values('2018-12-02','I5-105','06:00','05:00');

insert into Employee values('E123','Timmy','Pilot');
insert into Employee values('E456','John','Pilot');
insert into Employee values('E789','Hari','Pilot');
insert into Employee values('E101','Anand','AirHostess');
insert into Employee values('E234','Hema','AirHostess');
insert into Employee values('E890','Kali','AirHostess');
insert into Crew values('E123','2018-11-29','AI-123');
insert into Crew values('E101','2018-11-29','AI-123');
insert into Crew values('E456','2018-11-29','SG-212');
insert into Crew values('E234','2018-11-29','SG-212');
insert into Crew values('E786','2018-11-30','6E-588');
insert into Crew values('E890','2018-11-30','6E-588');
insert into Crew values('E123','2018-11-30','AI-123');
insert into Crew values('E890','2018-11-30','AI-123');
insert into Crew values('E456','2018-12-01','9W-901');
insert into Crew values('E101','2018-12-01','9W-901');
insert into Crew values('E786','2018-12-01','SG-212');
insert into Crew values('E234','2018-12-01','SG-212');
insert into Crew values('E123','2018-12-02','I5-105');
insert into Crew values('E890','2018-12-02','I5-105');
insert into Passenger values('PAI1232','AI-123','2018-11-29','Mowgli','15A');
insert into Passenger values('PAI1233','AI-123','2018-11-29','Vihas','16B');
insert into Passenger values('PAI1234','SG-212','2018-11-29','Sidd','17C');
insert into Passenger values('PAI1235','SG-212','2018-11-29','Vignesh','18D');
insert into Passenger values('PAI1236','6E-588','2018-11-30','Sri','19E');
insert into Passenger values('PAI1237','6E-588','2018-11-30','Tharun','13F');
insert into Passenger values('PAI1238','AI-123','2018-11-30','Sidhanth','15F');
insert into Passenger values('PAI1230','AI-123','2018-11-30','Pramod','11D');
insert into Passenger values('PAI1231','9W-901','2018-12-01','Vamshi','19B');
insert into Passenger values('PAI1211','9W-901','2018-12-01','Raj','13C');
insert into Passenger values('PAI1212','SG-212','2018-12-01','Ram','10A');
insert into Passenger values('PAI1218','SG-212','2018-12-01','Pavan','10B');
insert into Passenger values('PAI1215','I5-105','2018-12-02','Sita','18C');
insert into Passenger values('PAI1213','I5-105','2018-12-02','Laxman','14D');
insert into Pcontact values('PAI1232','(711) 971-1651');
insert into Pcontact values('PAI1233','(947) 661-6110');
insert into Pcontact values('PAI1234','(921) 654-9305');
insert into Pcontact values('PAI1235','(621) 766-9041');
insert into Pcontact values('PAI1236','(326) 533-8430');
insert into Pcontact values('PAI1237','(354) 881-0057');
insert into Pcontact values('PAI1238','(937) 215-5141');
insert into Pcontact values('PAI1230','(874) 478-4276');
insert into Pcontact values('PAI1231','(820) 464-0180');
insert into Pcontact values('PAI1211','(226) 248-5851');
insert into Pcontact values('PAI1212','(318) 926-1773');
insert into Pcontact values('PAI1213','(976) 689-8514');

insert into Pcontact values('PAI1212','(964) 649-6782');
insert into Pcontact values('PAI1213','(509) 279-4581');
insert into Pcontact values('PAI1232','(768) 836-1177');
insert into Pcontact values('PAI1235','(903) 303-3663');
insert into Pcontact values('PAI1231','(642) 288-1332');
insert into Pcontact values('PAI1213','(340) 994-7046');
insert into Pcontact values('PAI1215','(340) 994-6046');
insert into Pcontact values('PAI1218','(340) 994-7696');